<?xml version="1.0" encoding="UTF-8"?><?xml-stylesheet type='text/xsl' href='_UpgradeReport_Files/UpgradeReport.xslt'?><UpgradeLog>
<Properties><Property Name="Solution" Value="3D_FighterGame">
</Property><Property Name="方案檔" Value="D:\ccc\XNA\3D_FighterGameParticle\3D_FighterGame.sln">
</Property><Property Name="Date" Value="2009年12月23日">
</Property><Property Name="Time" Value="上午 10:00:36">
</Property></Properties><Event ErrorLevel="0" Project="Particle3DSampleWindows" Source="Particle3DSample\Particle3DSampleWindows.csproj" Description="Upgraded XNA Game Studio nested content projects to XNA Framework 3.0.">
</Event><Event ErrorLevel="0" Project="Particle3DSampleWindows" Source="Particle3DSample\Particle3DSampleWindows.csproj" Description="Upgraded XNA Game Studio project to XNA Framework 3.0.">
</Event><Event ErrorLevel="0" Project="Particle3DSampleWindows" Source="Particle3DSample\Particle3DSampleWindows.csproj" Description="專案檔已成功備份為 D:\ccc\XNA\3D_FighterGameParticle\Backup\Particle3DSampleWindows.csproj">
</Event><Event ErrorLevel="0" Project="Particle3DSampleWindows" Source="Particle3DSample\CccGameTest.cs" Description="檔案已成功備份為 D:\ccc\XNA\3D_FighterGameParticle\Backup\CccGameTest.cs">
</Event><Event ErrorLevel="0" Project="Particle3DSampleWindows" Source="Particle3DSample\Game.cs" Description="檔案已成功備份為 D:\ccc\XNA\3D_FighterGameParticle\Backup\Game.cs">
</Event><Event ErrorLevel="0" Project="Particle3DSampleWindows" Source="Particle3DSample\ParticleEmitter.cs" Description="檔案已成功備份為 D:\ccc\XNA\3D_FighterGameParticle\Backup\ParticleEmitter.cs">
</Event><Event ErrorLevel="0" Project="Particle3DSampleWindows" Source="Particle3DSample\ParticleSettings.cs" Description="檔案已成功備份為 D:\ccc\XNA\3D_FighterGameParticle\Backup\ParticleSettings.cs">
</Event><Event ErrorLevel="0" Project="Particle3DSampleWindows" Source="Particle3DSample\ParticleSystem.cs" Description="檔案已成功備份為 D:\ccc\XNA\3D_FighterGameParticle\Backup\ParticleSystem.cs">
</Event><Event ErrorLevel="0" Project="Particle3DSampleWindows" Source="Particle3DSample\ParticleSystems\ExplosionParticleSystem.cs" Description="檔案已成功備份為 D:\ccc\XNA\3D_FighterGameParticle\Backup\ParticleSystems\ExplosionParticleSystem.cs">
</Event><Event ErrorLevel="0" Project="Particle3DSampleWindows" Source="Particle3DSample\ParticleSystems\ExplosionSmokeParticleSystem.cs" Description="檔案已成功備份為 D:\ccc\XNA\3D_FighterGameParticle\Backup\ParticleSystems\ExplosionSmokeParticleSystem.cs">
</Event><Event ErrorLevel="0" Project="Particle3DSampleWindows" Source="Particle3DSample\ParticleSystems\FireParticleSystem.cs" Description="檔案已成功備份為 D:\ccc\XNA\3D_FighterGameParticle\Backup\ParticleSystems\FireParticleSystem.cs">
</Event><Event ErrorLevel="0" Project="Particle3DSampleWindows" Source="Particle3DSample\ParticleSystems\ProjectileTrailParticleSystem.cs" Description="檔案已成功備份為 D:\ccc\XNA\3D_FighterGameParticle\Backup\ParticleSystems\ProjectileTrailParticleSystem.cs">
</Event><Event ErrorLevel="0" Project="Particle3DSampleWindows" Source="Particle3DSample\ParticleSystems\SmokePlumeParticleSystem.cs" Description="檔案已成功備份為 D:\ccc\XNA\3D_FighterGameParticle\Backup\ParticleSystems\SmokePlumeParticleSystem.cs">
</Event><Event ErrorLevel="0" Project="Particle3DSampleWindows" Source="Particle3DSample\ParticleVertex.cs" Description="檔案已成功備份為 D:\ccc\XNA\3D_FighterGameParticle\Backup\ParticleVertex.cs">
</Event><Event ErrorLevel="0" Project="Particle3DSampleWindows" Source="Particle3DSample\Projectile.cs" Description="檔案已成功備份為 D:\ccc\XNA\3D_FighterGameParticle\Backup\Projectile.cs">
</Event><Event ErrorLevel="0" Project="Particle3DSampleWindows" Source="Particle3DSample\Properties\AssemblyInfo.cs" Description="檔案已成功備份為 D:\ccc\XNA\3D_FighterGameParticle\Backup\Properties\AssemblyInfo.cs">
</Event><Event ErrorLevel="0" Project="Particle3DSampleWindows" Source="Particle3DSample\Game.ico" Description="檔案已成功備份為 D:\ccc\XNA\3D_FighterGameParticle\Backup\Game.ico">
</Event><Event ErrorLevel="0" Project="Particle3DSampleWindows" Source="Particle3DSample\Particle3DSample.png" Description="檔案已成功備份為 D:\ccc\XNA\3D_FighterGameParticle\Backup\Particle3DSample.png">
</Event><Event ErrorLevel="0" Project="Particle3DSampleWindows" Source="Particle3DSample\Particle3DSampleWindows.csproj" Description="專案轉換成功">
</Event><Event ErrorLevel="3" Project="Particle3DSampleWindows" Source="Particle3DSample\Particle3DSampleWindows.csproj" Description="Converted">
</Event><Event ErrorLevel="0" Project="Particle3DSampleWindows" Source="Particle3DSample\Particle3DSampleWindows.csproj" Description="掃描完成: 專案檔不需要升級。">
</Event><Event ErrorLevel="0" Project="Particle3DSampleWindows" Source="Particle3DSample\Particle3DSampleWindows.csproj" Description="Upgraded XNA Framework references to XNA Framework 3.0.">
</Event><Event ErrorLevel="0" Project="Content" Source="checker.bmp" Description="Copied XNA Game Studio Content Project content to backup location.">
</Event><Event ErrorLevel="0" Project="Content" Source="Content.contentproj" Description="Copied XNA Game Studio Content Project content to backup location.">
</Event><Event ErrorLevel="0" Project="Content" Source="explosion.png" Description="Copied XNA Game Studio Content Project content to backup location.">
</Event><Event ErrorLevel="0" Project="Content" Source="fire.png" Description="Copied XNA Game Studio Content Project content to backup location.">
</Event><Event ErrorLevel="0" Project="Content" Source="font.spritefont" Description="Copied XNA Game Studio Content Project content to backup location.">
</Event><Event ErrorLevel="0" Project="Content" Source="grid.x" Description="Copied XNA Game Studio Content Project content to backup location.">
</Event><Event ErrorLevel="0" Project="Content" Source="ParticleEffect.fx" Description="Copied XNA Game Studio Content Project content to backup location.">
</Event><Event ErrorLevel="0" Project="Content" Source="smoke.png" Description="Copied XNA Game Studio Content Project content to backup location.">
</Event></UpgradeLog>